nom;d√©but;fin
ole;1300;1320
cool;820;860
hello;920;940
flicos;1020;1040
paradis;805;835
filou;1205;1320
max;840;910
minikeum;905;915
delibre;1000;1025
filtre;810;920
camel;950;1005
plouc;1300;1325
python;1505;1545
couleuvre;1230;1325
rosebonbon;1410;1435
bourbon;1540;1620
vodka;805;820
camilleo;1805;1835
pepone;1740;1805
blancasse;1720;1740
flonflon;1650;1710
flocfloc;1840;1900
tempsgris;1425;1450
vlam;1625;1650
milou;1725;1745
tintin;1735;1810
lagaffe;1645;1720
sprite;1320;1350
soda;1120;1140
rico;1055;1120
carlou;1320;1350
licorne;1240;1300
dragon;1550;1650
doudou;1705;1735
xerex;1800;1900
zorro;1505;1545
Loup-bleu;1530;1645
lapinlapin;1805;1825
hardos;855;915
clapotis;930;940
Vague-noire;1130;1150
xandru;1625;1705
Cohue;920;940
Single;1000;1010
Triangle;1620;1640
Quartet;1255;1301
Minute;1940;2005
Hey;2000;2010
Chorus;1950;2030
Maudou;2005;2100
Kachou;1420;1435
Cristal;1650;1705
Gloria;1825;1845
Bono;1850;1900
Briana;1840;1905
Calin;1920;1950
Loriol;1600;1630
MariaL;1530;1555
Paria;1330;1410
Boussol;1523;1539
Hibou;1632;1701
1;1250;1309
2;1136;1216
3;1044;1114
4;942;957
5;1642;1705
6;1838;1916
7;1010;1118
8;2031;2119
9;1927;2016
10;838;904
11;1428;1522
12;1025;1110
13;912;1020
14;1638;1721
15;1710;1714
16;1643;1733
17;1556;1624
18;1604;1616
19;935;1033
20;1317;1403
21;1953;2033
22;2119;2130
23;2040;2133
24;1217;1260
25;1717;1826
26;1336;1428
27;1838;1839
28;904;1003
29;1330;1400
30;2108;2115
31;1148;1209
32;2011;2105
33;1127;1128
34;1359;1428
35;2138;2224
36;1260;1308
37;1055;1102
38;1950;2039
39;1621;1630
40;2060;2100
41;1201;1303
42;1234;1243
43;1153;1200
44;1759;1804
45;1342;1407
46;1000;1032
47;1208;1251
48;1852;1922
49;1312;1359
50;1050;1116
51;2060;2118
52;1559;1635
53;2150;2219
54;950;1036
55;807;857
56;1329;1336
57;1338;1408
58;1416;1422
59;1116;1130
60;1014;1020
61;1400;1454
62;850;917
63;2119;2225
64;1546;1607
65;1310;1351
66;1003;1021
67;2103;2146
68;1703;1706
69;1951;2015
70;934;1008
71;1622;1642
72;1721;1722
73;1136;1155
74;1424;1520
75;1060;1109
76;930;1038
77;1716;1739
78;924;1014
79;1645;1720
80;2120;2228
81;2028;2105
82;945;1011
83;1233;1315
84;1246;1334
85;1032;1044
86;1019;1025
87;1757;1833
88;1816;1845
89;1202;1250
90;1610;1632
91;2113;2119
92;1925;2032
93;1535;1537
94;1021;1045
95;1053;1057
96;1000;1050
97;2107;2114
98;1653;1709
99;1624;1729
100;2035;2052
101;1537;1614
102;906;949
103;1912;2017
104;1221;1301
105;1411;1436
106;819;911
107;822;828
108;1510;1511
109;1003;1059
110;1731;1814
111;1902;1943
112;1428;1512
113;1603;1622
114;943;1001
115;1309;1404
116;1535;1610
117;1227;1325
118;2021;2058
119;2138;2141
120;921;939
121;1426;1520
122;1126;1215
123;1857;1930
124;1249;1302
125;1002;1003
126;2147;2229
127;840;935
128;1626;1719
129;1622;1707
130;1706;1806
131;1606;1643
132;2026;2041
133;2012;2043
134;1008;1046
135;1437;1456
136;1228;1313
137;1813;1850
138;1947;2012
139;1625;1640
140;1551;1633
141;2143;2212
142;1521;1549
143;1644;1729
144;1223;1317
145;2134;2149
146;846;857
147;1143;1223
148;2147;2208
149;2127;2132
150;804;907
151;1827;1931
152;1658;1717
153;1833;1926
154;1435;1439
155;1753;1809
156;1839;1903
157;1125;1134
158;1837;1912
159;843;903
160;1431;1454
161;1331;1417
162;828;835
163;2055;2109
164;911;937
165;1407;1459
166;1613;1632
167;952;1032
168;851;917
169;2100;2139
170;1410;1514
171;1421;1431
172;1646;1703
173;955;1023
174;1851;1908
175;1741;1805
176;2047;2047
177;1223;1328
178;1947;2014
179;1540;1555
180;1717;1749
181;960;1019
182;2154;2211
183;1811;1913
184;955;1003
185;2020;2128
186;1659;1737
187;1247;1320
188;1541;1609
189;2128;2145
190;1912;2012
191;2054;2103
192;854;936
193;2148;2211
194;1712;1820
195;1042;1131
196;1900;1931
197;823;836
198;1936;2018
199;1038;1052
200;1305;1333
201;1151;1214
202;932;953
203;826;914
204;1925;1926
205;1530;1639
206;1436;1443
207;1558;1613
208;832;910
209;2003;2039
210;1715;1725
211;1410;1514
212;1816;1832
213;1636;1647
214;910;1005
215;1845;1922
216;906;957
217;1637;1709
218;1643;1715
219;918;1020
220;838;908
221;1639;1644
222;1023;1107
223;1129;1230
224;1454;1503
225;1508;1539
226;2159;2224
227;1513;1620
228;1506;1616
229;1016;1103
230;1654;1705
231;1602;1639
232;1951;1955
233;1817;1843
234;1739;1826
235;1737;1814
236;1325;1347
237;1435;1452
238;1251;1325
239;2010;2055
240;2148;2205
241;1815;1815
242;2151;2222
243;947;1010
244;1058;1104
245;1126;1129
246;1529;1552
247;1903;1919
248;1345;1406
249;1145;1206
250;1925;2021
251;959;1027
252;1604;1613
253;1028;1137
254;925;932
255;1922;1960
256;1525;1540
257;2042;2133
258;1728;1819
259;1134;1159
260;1127;1149
261;2047;2054
262;1618;1727
263;2050;2104
264;852;921
265;2051;2122
266;1917;2005
267;930;1001
268;1518;1543
269;1031;1057
270;1456;1458
271;1257;1320
272;1117;1160
273;1935;1954
274;941;1018
275;1054;1102
276;826;857
277;2023;2055
278;1550;1609
279;1538;1623
280;1260;1328
281;2146;2151
282;1622;1714
283;1960;2027
284;857;929
285;2010;2037
286;852;858
287;1520;1612
288;1019;1110
289;1219;1251
290;1723;1830
291;845;924
292;1816;1924
293;1415;1509
294;1951;2008
295;1338;1352
296;1327;1433
297;2017;2045
298;1731;1808
299;1431;1507
300;1307;1360
301;2032;2110
302;2107;2130
303;1720;1824
304;836;922
305;2019;2023
306;1027;1035
307;1150;1217
308;1617;1706
309;1545;1637
310;2144;2145
311;1851;1913
312;1318;1356
313;1809;1915
314;1537;1557
315;1846;1912
316;1245;1245
317;1849;1904
318;1520;1618
319;1826;1908
320;1735;1738
321;805;909
322;1835;1918
323;1835;1906
324;2046;2109
325;2118;2220
326;1129;1224
327;924;930
328;1615;1710
329;2137;2233
330;1423;1445
331;1323;1406
332;1400;1507
333;1446;1536
334;1149;1232
335;959;1013
336;1441;1524
337;2012;2023
338;1648;1728
339;1639;1730
340;924;1013
341;1748;1814
342;1652;1721
343;909;1017
344;1230;1247
345;1049;1049
346;1047;1106
347;1409;1419
348;1231;1323
349;1937;1957
350;2123;2223
351;1602;1635
352;1451;1529
353;1917;1932
354;2038;2108
355;1226;1256
356;1412;1442
357;1134;1202
358;1953;1959
359;1838;1903
360;1933;1953
361;1709;1811
362;1200;1310
363;2127;2143
364;2154;2220
365;860;922
366;1624;1723
367;945;1035
368;907;923
369;2027;2115
370;1932;2023
371;1532;1543
372;1706;1746
373;1602;1655
374;1009;1054
375;2014;2122
376;1950;2016
377;1731;1755
378;1825;1845
379;1249;1322
380;1405;1501
381;2104;2104
382;801;831
383;1736;1814
384;935;957
385;1832;1905
386;1405;1417
387;2018;2110
388;2133;2219
389;2128;2147
390;2020;2049
391;1147;1237
392;1059;1124
393;1525;1625
394;1616;1635
395;1508;1618
396;2158;2216
397;836;851
398;1554;1556
399;1251;1252
400;2038;2050
401;2150;2216
402;1232;1326
403;1056;1107
404;1259;1318
405;1731;1760
406;1750;1814
407;1831;1860
408;2042;2105
409;1311;1351
410;1633;1655
411;845;903
412;1015;1040
413;1752;1821
414;940;1039
415;1931;2018
416;1245;1321
417;2009;2058
418;1641;1736
419;1652;1712
420;1109;1109
421;1429;1439
422;1738;1836
423;950;1008
424;1254;1307
425;1136;1139
426;1259;1332
427;1139;1202
428;948;1035
429;1310;1356
430;2155;2211
431;1034;1104
432;1033;1043
433;943;1012
434;1708;1813
435;1728;1742
436;930;950
437;1639;1715
438;1004;1043
439;930;936
440;1732;1810
441;1627;1704
442;1637;1730
443;2141;2141
444;1903;1917
445;804;814
446;1544;1613
447;1425;1517
448;1821;1839
449;1124;1213
450;1724;1747
451;1807;1832
452;1411;1440
453;1000;1110
454;1009;1113
455;1819;1903
456;2048;2108
457;2030;2131
458;1747;1801
459;1857;1858
460;2058;2111
461;1955;2010
462;1859;1925
463;2024;2055
464;812;860
465;1746;1826
466;2005;2109
467;830;855
468;1639;1643
469;1325;1336
470;1513;1619
471;844;913
472;1913;1937
473;1029;1051
474;913;947
475;805;841
476;1031;1050
477;2034;2135
478;1956;2015
479;2036;2133
480;2160;2235
481;1359;1413
482;929;937
483;1303;1322
484;1747;1801
485;1112;1147
486;1049;1135
487;1846;1938
488;952;1007
489;926;949
490;1915;1915
491;1811;1905
492;1222;1230
493;1348;1421
494;1360;1404
495;1521;1551
496;1713;1821
497;1607;1710
498;1745;1837
499;2102;2202
500;953;1007
501;1730;1736
502;848;851
503;1725;1807
504;1001;1009
505;1837;1852
506;1720;1828
507;1702;1806
508;1112;1150
509;1108;1152
510;836;852
511;1612;1625
512;1410;1420
513;838;843
514;1127;1140
515;2125;2155
516;1211;1224
517;2014;2046
518;1343;1415
519;1359;1412
520;1023;1035
521;1737;1754
522;1109;1131
523;2009;2047
524;2154;2160
525;1035;1041
526;1910;1934
527;1616;1653
528;1138;1213
529;1724;1757
530;1226;1254
531;2050;2131
532;1536;1634
533;1048;1055
534;1240;1247
535;807;856
536;1406;1503
537;917;926
538;2058;2124
539;1519;1540
540;1660;1724
541;2117;2157
542;936;1034
543;853;908
544;2160;2219
545;1211;1302
546;1301;1323
547;947;1022
548;1118;1203
549;1053;1114
550;1426;1516
551;1150;1159
552;1215;1316
553;1111;1113
554;1913;2019
555;1311;1347
556;1903;1955
557;1924;2016
558;1342;1407
559;1655;1714
560;1430;1538
561;1655;1732
562;2149;2220
563;1414;1514
564;931;1031
565;851;906
566;1341;1402
567;1254;1318
568;1051;1052
569;1240;1303
570;1359;1412
571;2035;2102
572;1646;1712
573;1641;1718
574;1836;1924
575;1331;1433
576;1534;1632
577;933;1017
578;2002;2011
579;1933;2002
580;2041;2134
581;943;959
582;1627;1641
583;1229;1315
584;2040;2058
585;2137;2220
586;1935;1943
587;1730;1742
588;1723;1805
589;902;923
590;1506;1552
591;1144;1160
592;1422;1422
593;822;835
594;936;1003
595;1125;1214
596;1317;1419
597;1339;1343
598;933;1004
599;1117;1159
600;1150;1160
601;1954;2000
602;1119;1119
603;804;837
604;1943;1954
605;2027;2117
606;937;1035
607;1938;2013
608;1857;1917
609;1513;1535
610;1107;1202
611;1419;1423
612;1413;1501
613;1831;1832
614;1402;1448
615;1348;1403
616;917;930
617;2141;2221
618;1258;1336
619;1356;1424
620;1125;1206
621;1122;1232
622;1047;1105
623;1209;1242
624;1034;1128
625;2109;2155
626;1626;1654
627;1038;1101
628;943;1014
629;1519;1623
630;1201;1238
631;844;844
632;1903;1940
633;1451;1500
634;1150;1154
635;923;1002
636;1534;1552
637;1104;1208
638;1702;1750
639;1046;1100
640;1352;1412
641;1618;1625
642;1637;1644
643;1723;1736
644;1829;1842
645;1811;1817
646;1330;1416
647;1159;1202
648;814;837
649;1224;1257
650;2005;2045
651;2038;2101
652;952;1021
653;826;829
654;1804;1914
655;1227;1333
656;1223;1327
657;804;851
658;1625;1707
659;1738;1746
660;854;860
661;1541;1638
662;1847;1930
663;1418;1431
664;1129;1219
665;1236;1337
666;955;1034
667;1806;1806
668;1209;1245
669;1334;1436
670;1645;1714
671;1859;1905
672;2033;2104
673;2139;2202
674;1953;2005
675;1456;1524
676;815;853
677;828;912
678;1339;1418
679;1416;1449
680;2140;2208
681;1802;1833
682;1642;1722
683;1753;1838
684;1237;1311
685;1248;1314
686;913;946
687;1109;1209
688;1025;1030
689;1636;1636
690;848;905
691;858;913
692;1826;1922
693;1238;1302
694;1025;1036
695;2006;2015
696;1927;2031
697;1909;2010
698;1541;1616
699;848;906
700;1112;1124
701;2024;2112
702;1953;2022
703;1124;1138
704;960;1018
705;1143;1229
706;804;854
707;2107;2155
708;1156;1230
709;938;956
710;1458;1525
711;1523;1615
712;1901;1909
713;1757;1814
714;1646;1728
715;1326;1421
716;1033;1133
717;1927;1959
718;1408;1439
719;1201;1214
720;1826;1917
721;1940;2029
722;1218;1239
723;1844;1850
724;1630;1633
725;949;1002
726;827;901
727;1911;1957
728;2107;2154
729;1658;1729
730;1453;1513
731;1318;1348
732;2016;2058
733;1955;2036
734;1916;1918
735;1720;1812
736;1645;1728
737;1236;1308
738;1420;1421
739;1841;1925
740;1718;1753
741;1336;1401
742;910;916
743;1127;1148
744;916;1024
745;1859;1923
746;812;907
747;2049;2128
748;1060;1119
749;1652;1722
750;2002;2020
751;1218;1236
752;1625;1724
753;1418;1419
754;1757;1808
755;1913;2014
756;1322;1416
757;1859;1929
758;835;845
759;1905;1915
760;936;1014
761;1338;1345
762;1707;1808
763;1514;1623
764;802;858
765;1400;1425
766;1915;1945
767;1305;1407
768;1519;1539
769;1046;1114
770;1517;1609
771;2148;2214
772;1155;1224
773;2015;2039
774;1354;1404
775;1619;1644
776;1206;1307
777;1510;1543
778;1926;2001
779;1942;2031
780;954;1015
781;1201;1309
782;1942;1956
783;1252;1318
784;1817;1902
785;1346;1401
786;1652;1660
787;1931;2012
788;1401;1458
789;1649;1649
790;1029;1052
791;2058;2127
792;911;920
793;2137;2233
794;1156;1211
795;2120;2143
796;1853;1915
797;1548;1607
798;2029;2029
799;909;950
800;1818;1910
801;2141;2223
802;1622;1708
803;1109;1145
804;1601;1660
805;1616;1720
806;1217;1244
807;1105;1152
808;1148;1215
809;2058;2135
810;838;855
811;1347;1434
812;1206;1236
813;1528;1543
814;902;915
815;1255;1321
816;1923;1926
817;1334;1420
818;1146;1206
819;1129;1160
820;1107;1208
821;1134;1210
822;1256;1317
823;2130;2142
824;1126;1204
825;1820;1928
826;2130;2207
827;1103;1212
828;1138;1228
829;809;853
830;1238;1326
831;1821;1924
832;918;921
833;1914;2019
834;945;1007
835;2151;2223
836;2148;2223
837;1740;1741
838;1827;1848
839;2005;2034
840;2125;2150
841;1303;1323
842;1115;1224
843;1160;1229
844;1620;1705
845;2033;2130
846;1025;1107
847;1749;1808
848;948;1027
849;1555;1636
850;2140;2142
851;816;916
852;1601;1615
853;1853;1860
854;2002;2042
855;1145;1222
856;1230;1332
857;1056;1105
858;1949;2004
859;1151;1151
860;1911;1950
861;2141;2210
862;2124;2206
863;1143;1219
864;912;918
865;1621;1641
866;1358;1416
867;1912;1932
868;1846;1931
869;2053;2138
870;1131;1202
871;1429;1535
872;1150;1210
873;1352;1406
874;1007;1050
875;2111;2132
876;1749;1756
877;1552;1615
878;955;1002
879;1444;1519
880;800;858
881;1011;1041
882;1538;1552
883;1052;1115
884;1329;1360
885;833;901
886;1808;1839
887;1431;1517
888;846;917
889;2120;2146
890;2026;2133
891;905;937
892;1719;1733
893;1021;1037
894;1436;1511
895;1101;1138
896;1007;1010
897;2025;2105
898;1006;1011
899;952;1010
900;1134;1211
901;1134;1144
902;832;907
903;830;905
904;1812;1818
905;2028;2127
906;943;1011
907;1707;1739
908;1150;1215
909;1118;1126
910;1552;1618
911;1553;1617
912;1628;1640
913;1401;1424
914;1821;1841
915;921;939
916;1232;1338
917;1501;1550
918;1907;1918
919;1939;2009
920;1429;1537
921;851;901
922;1841;1910
923;1656;1718
924;1154;1210
925;834;848
926;1253;1300
927;1922;1935
928;939;1029
929;1614;1643
930;1959;2008
931;1447;1447
932;921;930
933;1560;1606
934;1103;1208
935;1115;1129
936;1835;1846
937;1327;1416
938;1953;2027
939;1434;1521
940;1103;1146
941;1748;1757
942;1022;1121
943;1219;1305
944;1143;1207
945;1646;1648
946;1911;1919
947;1136;1137
948;2024;2102
949;845;849
950;1120;1139
951;1337;1351
952;1137;1229
953;928;1012
954;1943;2004
955;1103;1123
956;1740;1745
957;1408;1440
958;1610;1612
959;834;909
960;2015;2101
961;1004;1004
962;1827;1848
963;908;1003
964;1808;1819
965;1641;1704
966;2130;2236
967;2045;2133
968;840;843
969;1835;1938
970;1345;1422
971;1919;1927
972;1860;1925
973;926;1036
974;1949;2008
975;1929;2036
976;2053;2055
977;900;932
978;1546;1551
979;1323;1341
980;1948;1954
981;1229;1324
982;1313;1332
983;1301;1318
984;2056;2100
985;1400;1414
986;822;832
987;907;910
988;1959;2004
989;2055;2123
990;1528;1638
991;1457;1507
992;2102;2107
993;1527;1623
994;1701;1701
995;1148;1208
996;1223;1224
997;1204;1308
998;1420;1433
999;1642;1723
1000;1351;1414
1001;928;1018
1002;824;923
1003;1329;1431
1004;1759;1825
1005;829;832
1006;1453;1525
1007;1542;1551
1008;851;855
1009;841;914
1010;2030;2035
1011;1843;1845
1012;1754;1807
1013;1929;1958
1014;1840;1910
1015;808;837
1016;1919;1919
1017;1919;1938
1018;1400;1422
1019;919;928
1020;1359;1415
1021;2000;2043
1022;1421;1512
1023;2116;2151
1024;2150;2232
1025;2019;2123
1026;1834;1901
1027;930;1028
1028;1309;1355
1029;2112;2216
1030;1949;2001
1031;919;945
1032;2040;2115
1033;2029;2106
1034;2011;2021
1035;2152;2214
1036;1659;1729
1037;2120;2130
1038;1137;1146
1039;1447;1517
1040;1810;1908
1041;1527;1533
1042;1743;1749
1043;1407;1433
1044;1830;1855
1045;1750;1810
1046;2050;2126
1047;2134;2232
1048;2037;2058
1049;1017;1020
1050;1203;1213
1051;1103;1146
1052;1608;1709
1053;1737;1836
1054;953;1001
1055;1240;1339
1056;1923;2014
1057;1414;1417
1058;1650;1710
1059;1815;1909
1060;1846;1922
1061;1122;1139
1062;2120;2221
1063;1346;1414
1064;1847;1933
1065;1160;1201
1066;1226;1253
1067;831;837
1068;907;936
1069;1117;1127
1070;1838;1900
1071;1936;1957
1072;1359;1418
1073;1940;1950
1074;2001;2009
1075;1522;1536
1076;2008;2103
1077;1514;1536
1078;1035;1139
1079;1649;1735
1080;1017;1060
1081;1311;1333
1082;823;851
1083;1908;1930
1084;2106;2119
1085;1754;1807
1086;800;838
1087;1254;1334
1088;1211;1304
1089;936;1016
1090;1924;1934
1091;1329;1430
1092;1016;1031
1093;1432;1460
1094;1459;1528
1095;2148;2154
1096;828;935
1097;1527;1606
1098;1841;1843
1099;1350;1405
1100;1535;1630
1101;1740;1815
1102;1619;1701
1103;2106;2141
1104;1823;1906
1105;1206;1312
1106;1833;1913
1107;2027;2040
1108;2024;2101
1109;1424;1425
1110;1347;1432
1111;1912;1933
1112;832;937
1113;1606;1623
1114;1054;1124
1115;1136;1152
1116;1743;1760
1117;2152;2231
1118;915;917
1119;1516;1540
1120;858;933
1121;1420;1433
1122;1813;1830
1123;1716;1802
1124;804;822
1125;1434;1510
1126;1350;1350
1127;1929;1941
1128;958;960
1129;1620;1701
1130;1932;1951
1131;1514;1533
1132;1825;1923
1133;1650;1722
1134;1247;1303
1135;957;1028
1136;1233;1244
1137;849;918
1138;2129;2131
1139;1411;1416
1140;1625;1650
1141;1843;1857
1142;1320;1325
1143;1050;1059
1144;1418;1424
1145;1049;1121
1146;913;934
1147;1424;1448
1148;1007;1101
1149;1944;2019
1150;1829;1938
1151;1925;2019
1152;2109;2203
1153;2052;2128
1154;1855;1856
1155;1317;1411
1156;1616;1708
1157;1126;1217
1158;1549;1551
1159;1641;1732
1160;1812;1830
1161;1853;1854
1162;2015;2054
1163;1610;1660
1164;1212;1309
1165;1353;1354
1166;1313;1335
1167;1633;1717
1168;1530;1611
1169;1050;1131
1170;1231;1254
1171;1743;1827
1172;1729;1751
1173;1452;1505
1174;829;923
1175;1329;1340
1176;932;1034
1177;1911;1940
1178;815;910
1179;1725;1735
1180;1251;1305
1181;1658;1722
1182;1456;1515
1183;2032;2122
1184;1222;1250
1185;958;1026
1186;1459;1521
1187;2000;2023
1188;1919;1924
1189;938;1002
1190;2004;2025
1191;1823;1910
1192;1829;1850
1193;1912;1924
1194;1803;1834
1195;1512;1558
1196;1257;1327
1197;1860;1928
1198;2008;2040
1199;1838;1840
1200;1008;1032
1201;801;830
1202;1036;1044
1203;1704;1802
1204;1220;1230
1205;2035;2132
1206;826;845
1207;2145;2214
1208;1106;1151
1209;1859;1918
1210;2019;2116
1211;1339;1431
1212;1012;1020
1213;1836;1848
1214;1124;1140
1215;1438;1507
1216;1617;1631
1217;1406;1431
1218;1958;2018
1219;1443;1453
1220;1200;1224
1221;1321;1322
1222;1027;1126
1223;823;842
1224;1349;1419
1225;1601;1635
1226;1240;1318
1227;1860;1929
1228;2139;2149
1229;1941;2002
1230;1753;1820
1231;2142;2201
1232;1842;1916
1233;904;921
1234;1346;1417
1235;1625;1713
1236;1016;1107
1237;1618;1635
1238;1127;1237
1239;1447;1536
1240;1311;1313
1241;1217;1247
1242;2052;2137
1243;819;928
1244;835;906
1245;1150;1158
1246;2023;2028
1247;2001;2001
1248;1740;1803
1249;1714;1821
1250;1507;1554
1251;1909;1944
1252;2147;2210
1253;957;1036
1254;1256;1313
1255;817;817
1256;1803;1852
1257;923;1018
1258;2032;2035
1259;800;806
1260;1554;1623
1261;1641;1736
1262;920;1029
1263;1648;1706
1264;1128;1207
1265;1402;1431
1266;1319;1412
1267;1930;2036
1268;1603;1655
1269;1538;1546
1270;1618;1712
1271;949;1027
1272;1041;1057
1273;2145;2235
1274;2121;2218
1275;1000;1036
1276;944;1020
1277;822;847
1278;1258;1328
1279;1005;1005
1280;1034;1132
1281;1415;1442
1282;1726;1734
1283;1248;1310
1284;1028;1133
1285;2141;2160
1286;1233;1252
1287;1257;1334
1288;1131;1132
1289;1601;1603
1290;1225;1229
1291;1225;1307
1292;1304;1336
1293;1320;1337
1294;2140;2226
1295;1416;1522
1296;1659;1723
1297;1703;1727
1298;1626;1636
1299;1326;1347
1300;1035;1039
1301;2058;2111
1302;1641;1737
1303;1417;1418
1304;1709;1751
1305;1915;1932
1306;1651;1652
1307;1724;1743
1308;1129;1208
1309;1910;1942
1310;1957;2005
1311;1424;1454
1312;2053;2131
1313;2042;2101
1314;1227;1334
1315;1657;1714
1316;1419;1456
1317;1803;1831
1318;948;1006
1319;1048;1108
1320;1660;1722
1321;1160;1227
1322;1905;2014
1323;1421;1523
1324;1150;1232
1325;1109;1135
1326;1710;1811
1327;2107;2119
1328;850;902
1329;958;1027
1330;1118;1208
1331;1940;2033
1332;1030;1047
1333;1649;1730
1334;1923;1957
1335;1818;1901
1336;1715;1734
1337;1024;1119
1338;1860;1915
1339;1916;1932
1340;1343;1423
1341;1344;1400
1342;1003;1030
1343;1310;1321
1344;1419;1441
1345;928;942
1346;952;1016
1347;1601;1652
1348;849;929
1349;1234;1314
1350;1805;1816
1351;2051;2053
1352;940;1038
1353;1506;1547
1354;1345;1404
1355;1954;2023
1356;1906;1938
1357;1520;1606
1358;1901;1902
1359;931;1034
1360;1932;1933
1361;1908;1924
1362;1112;1210
1363;805;849
1364;1651;1737
1365;1026;1136
1366;939;1004
1367;1518;1527
1368;2120;2136
1369;854;921
1370;914;1021
1371;1532;1546
1372;1558;1612
1373;907;940
1374;1607;1716
1375;1335;1411
1376;1651;1734
1377;1841;1931
1378;1358;1404
1379;1860;1919
1380;1623;1657
1381;850;910
1382;1419;1529
1383;858;907
1384;1443;1512
1385;1633;1660
1386;1807;1903
1387;1135;1203
1388;1610;1708
1389;1401;1436
1390;937;1035
1391;1831;1838
1392;1013;1027
1393;1141;1147
1394;2019;2101
1395;2005;2053
1396;1716;1819
1397;1458;1531
1398;1507;1608
1399;2007;2033
1400;1423;1503
1401;1034;1116
1402;921;1029
1403;1200;1233
1404;813;851
1405;2143;2202
1406;1629;1721
1407;803;858
1408;920;1027
1409;1743;1834
1410;1634;1709
1411;826;919
1412;1028;1057
1413;2002;2043
1414;1411;1513
1415;852;859
1416;1942;2027
1417;1408;1518
1418;1729;1731
1419;2155;2215
1420;2049;2118
1421;1827;1853
1422;1405;1421
1423;1146;1210
1424;1353;1400
1425;1321;1410
1426;1041;1042
1427;1348;1407
1428;1403;1443
1429;1036;1108
1430;934;1000
1431;813;854
1432;1010;1013
1433;2027;2127
1434;920;948
1435;1328;1334
1436;958;1022
1437;1718;1751
1438;1456;1515
1439;1029;1112
1440;1946;2005
1441;1701;1727
1442;1531;1628
1443;1215;1222
1444;946;1028
1445;2125;2211
1446;915;1003
1447;1949;1958
1448;1019;1055
1449;1109;1109
1450;1759;1806
1451;1040;1104
1452;1824;1832
1453;1653;1704
1454;1847;1928
1455;1336;1343
1456;1111;1137
1457;826;925
1458;824;921
1459;2029;2134
1460;1246;1254
1461;906;928
1462;1943;2022
1463;1545;1552
1464;1244;1337
1465;1139;1149
1466;1415;1437
1467;1551;1615
1468;1341;1360
1469;1437;1445
1470;912;1010
1471;1401;1402
1472;1036;1105
1473;1722;1746
1474;1655;1706
1475;2101;2107
1476;1901;1920
1477;1644;1711
1478;808;859
1479;1660;1731
1480;1655;1730
1481;1509;1529
1482;1023;1122
1483;1328;1437
1484;1410;1428
1485;2019;2028
1486;1357;1420
1487;925;932
1488;1714;1739
1489;1108;1112
1490;1601;1633
1491;959;1029
1492;1537;1552
1493;2029;2119
1494;1701;1722
1495;1253;1301
1496;1204;1212
1497;1306;1342
1498;2021;2032
1499;1245;1337
1500;859;922
1501;1622;1625
1502;1453;1505
1503;1045;1052
1504;1048;1051
1505;1811;1832
1506;1331;1409
1507;1517;1541
1508;1456;1529
1509;1340;1405
1510;1042;1112
1511;1830;1908
1512;2020;2110
1513;1804;1836
1514;1605;1649
1515;1108;1150
1516;830;930
1517;1021;1109
1518;1410;1441
1519;1952;1955
1520;2155;2214
1521;955;1002
1522;1722;1749
1523;1546;1625
1524;1437;1510
1525;2013;2046
1526;1647;1703
1527;1607;1650
1528;1508;1527
1529;1400;1505
1530;1918;1924
1531;1101;1206
1532;2111;2203
1533;2104;2117
1534;1634;1739
1535;1558;1620
1536;1925;2021
1537;935;941
1538;2126;2158
1539;1249;1304
1540;1858;1903
1541;1436;1502
1542;1620;1624
1543;808;846
1544;1624;1703
1545;1419;1447
1546;822;858
1547;1056;1120
1548;1726;1733
1549;1927;2024
1550;914;914
1551;1554;1619
1552;2133;2142
1553;1546;1628
1554;1016;1125
1555;1944;2002
1556;1131;1215
1557;1027;1059
1558;1842;1844
1559;1941;1950
1560;1903;1932
1561;1001;1023
1562;1033;1044
1563;1458;1524
1564;1859;1937
1565;1748;1810
1566;1702;1707
1567;2147;2215
1568;1209;1315
1569;1658;1719
1570;824;846
1571;2016;2125
1572;950;958
1573;1952;2017
1574;1653;1716
1575;1418;1425
1576;1641;1710
1577;2119;2155
1578;1644;1731
1579;1729;1813
1580;1916;1929
1581;1860;1907
1582;1417;1433
1583;2132;2234
1584;2010;2034
1585;1215;1251
1586;1402;1407
1587;1320;1422
1588;802;828
1589;1314;1352
1590;1552;1607
1591;1344;1421
1592;1836;1935
1593;1738;1830
1594;1701;1735
1595;2103;2141
1596;841;924
1597;2136;2153
1598;2154;2207
1599;1820;1903
1600;1556;1615
1601;1842;1857
1602;1934;2002
1603;2100;2136
1604;1651;1724
1605;1535;1601
1606;1748;1814
1607;1443;1529
1608;1139;1236
1609;956;1010
1610;2132;2150
1611;1753;1827
1612;1928;1938
1613;2114;2148
1614;1906;1928
1615;1310;1405
1616;1430;1516
1617;1939;2024
1618;925;937
1619;914;940
1620;1239;1309
1621;1529;1546
1622;2139;2152
1623;1129;1148
1624;2158;2228
1625;1460;1510
1626;2029;2040
1627;1434;1437
1628;1106;1111
1629;2021;2029
1630;843;939
1631;1303;1343
1632;2148;2205
1633;2137;2235
1634;1104;1148
1635;932;1006
1636;1511;1533
1637;1514;1517
1638;2137;2230
1639;1420;1446
1640;1100;1147
1641;2003;2039
1642;2132;2137
1643;1514;1604
1644;1315;1421
1645;1700;1709
1646;1422;1432
1647;1717;1735
1648;925;936
1649;1408;1504
1650;1802;1811
1651;1225;1332
1652;831;931
1653;1754;1832
1654;2052;2138
1655;1547;1624
1656;2151;2214
1657;1241;1256
1658;1706;1733
1659;1460;1505
1660;1350;1419
1661;1354;1426
1662;1329;1439
1663;846;935
1664;1456;1523
1665;1428;1529
1666;1911;2013
1667;1241;1258
1668;1305;1412
1669;1928;2010
1670;1849;1860
1671;1057;1123
1672;1056;1116
1673;1745;1801
1674;1838;1923
1675;1444;1444
1676;1327;1437
1677;944;1036
1678;1249;1316
1679;1730;1839
1680;1048;1118
1681;1726;1735
1682;941;1002
1683;2030;2131
1684;820;847
1685;1924;2034
1686;1310;1357
1687;1809;1828
1688;838;919
1689;1305;1319
1690;1204;1241
1691;2030;2047
1692;1320;1324
1693;1938;2004
1694;1018;1115
1695;1500;1539
1696;1934;1938
1697;1939;1960
1698;2122;2127
1699;2039;2047
1700;1944;1960
1701;1559;1624
1702;1600;1648
1703;1114;1155
1704;1219;1244
1705;1936;2005
1706;1300;1334
1707;1930;1948
1708;1732;1812
1709;1552;1606
1710;1757;1802
1711;1933;2003
1712;1100;1154
1713;1955;2002
1714;946;951
1715;1605;1652
1716;1339;1418
1717;1657;1719
1718;1734;1819
1719;1821;1829
1720;942;948
1721;943;1007
1722;2044;2102
1723;1359;1434
1724;1919;1939
1725;1255;1317
1726;1552;1610
1727;1633;1717
1728;1108;1129
1729;817;839
1730;2025;2036
1731;1835;1855
1732;1955;2023
1733;1431;1442
1734;1745;1806
1735;926;958
1736;1304;1316
1737;825;902
1738;1004;1104
1739;1806;1848
1740;1444;1509
1741;1952;2017
1742;1554;1610
1743;1417;1444
1744;2151;2223
1745;1251;1309
1746;1358;1402
1747;1456;1523
1748;1650;1717
1749;1148;1218
1750;1755;1821
1751;1854;1905
1752;1657;1721
1753;1916;1951
1754;2116;2153
1755;1746;1808
1756;1121;1202
1757;1959;2039
1758;801;821
1759;1126;1207
1760;1658;1737
1761;1614;1623
1762;2020;2104
1763;2104;2203
1764;1320;1430
1765;1506;1605
1766;1220;1301
1767;1615;1656
1768;1356;1415
1769;1030;1107
1770;1817;1916
1771;839;914
1772;1921;2001
1773;1214;1217
1774;1735;1737
1775;1551;1636
1776;1926;1928
1777;1240;1246
1778;1711;1818
1779;1834;1929
1780;2147;2154
1781;1135;1155
1782;803;847
1783;936;942
1784;1224;1232
1785;833;835
1786;849;852
1787;1431;1513
1788;1346;1410
1789;1013;1121
1790;1053;1114
1791;1734;1811
1792;1043;1138
1793;1657;1706
1794;1901;1906
1795;1749;1832
1796;1041;1101
1797;2024;2102
1798;1451;1537
1799;1650;1710
1800;2048;2113
1801;1134;1150
1802;1421;1502
1803;1830;1852
1804;1704;1804
1805;1752;1836
1806;821;929
1807;1046;1051
1808;1422;1532
1809;1530;1601
1810;1219;1254
1811;1112;1122
1812;1118;1209
1813;1136;1214
1814;1805;1837
1815;1209;1209
1816;908;936
1817;949;1013
1818;1400;1407
1819;1132;1214
1820;1947;2032
1821;1831;1914
1822;1626;1649
1823;1004;1005
1824;1908;1942
1825;1952;2035
1826;1310;1330
1827;1814;1838
1828;1356;1402
1829;2130;2157
1830;1019;1118
1831;1206;1215
1832;1306;1353
1833;901;923
1834;1946;1946
1835;1945;2003
1836;921;950
1837;1309;1323
1838;1730;1817
1839;2138;2154
1840;1854;1938
1841;1838;1932
1842;1901;1927
1843;914;916
1844;1445;1452
1845;1538;1630
1846;1400;1418
1847;2059;2126
1848;1132;1132
1849;1836;1923
1850;809;814
1851;1013;1014
1852;1727;1759
1853;1502;1529
1854;1645;1739
1855;1300;1306
1856;1632;1714
1857;1903;1918
1858;1049;1100
1859;1152;1219
1860;1010;1019
1861;1720;1757
1862;850;939
1863;1400;1414
1864;1741;1753
1865;1840;1903
1866;1900;1921
1867;1347;1358
1868;942;1026
1869;1512;1517
1870;1154;1200
1871;1747;1818
1872;1046;1129
1873;1417;1506
1874;831;903
1875;939;950
1876;1642;1704
1877;1319;1401
1878;960;1034
1879;1026;1044
1880;2151;2211
1881;1440;1460
1882;1603;1658
1883;2021;2045
1884;1857;1903
1885;834;900
1886;828;923
1887;1253;1328
1888;1500;1609
1889;1952;2003
1890;1130;1213
1891;1223;1323
1892;1011;1104
1893;2025;2044
1894;1427;1509
1895;1610;1658
1896;1643;1710
1897;1349;1411
1898;1613;1621
1899;819;858
1900;934;1005
1901;1722;1741
1902;927;1021
1903;1605;1711
1904;858;903
1905;2159;2211
1906;1135;1210
1907;1620;1711
1908;2042;2048
1909;818;842
1910;1449;1507
1911;1851;1921
1912;1253;1302
1913;1817;1926
1914;1610;1711
1915;1758;1827
1916;935;951
1917;2033;2102
1918;1916;1947
1919;2130;2206
1920;954;1038
1921;920;1027
1922;932;954
1923;932;1001
1924;1550;1620
1925;1446;1502
1926;935;938
1927;1012;1108
1928;1751;1803
1929;1316;1410
1930;1943;1944
1931;1033;1124
1932;1022;1126
1933;1107;1160
1934;1402;1402
1935;1256;1337
1936;1134;1202
1937;1236;1250
1938;2103;2138
1939;1545;1605
1940;949;1001
1941;1427;1449
1942;1042;1128
1943;1405;1447
1944;846;906
1945;1324;1409
1946;1740;1839
1947;2112;2155
1948;1119;1229
1949;1713;1727
1950;1745;1753
1951;831;837
1952;1239;1254
1953;2147;2157
1954;1455;1513
1955;904;1002
1956;1242;1246
1957;1959;2038
1958;925;938
1959;1338;1401
1960;1944;2012
1961;2147;2207
1962;1630;1631
1963;913;947
1964;1506;1532
1965;1057;1116
1966;2106;2150
1967;1840;1914
1968;1123;1160
1969;1000;1019
1970;1420;1457
1971;949;1015
1972;1854;1912
1973;1033;1110
1974;1760;1835
1975;1522;1544
1976;1414;1502
1977;1635;1711
1978;856;926
1979;1750;1805
1980;2104;2150
1981;1013;1117
1982;1238;1308
1983;1000;1057
1984;1142;1202
1985;927;1032
1986;903;952
1987;2047;2116
1988;916;950
1989;2132;2202
1990;1535;1630
1991;1553;1639
1992;1458;1505
1993;1911;1957
1994;1142;1200
1995;1748;1751
1996;1344;1350
1997;1051;1136
1998;1134;1149
1999;1006;1103
2000;1158;1217
2001;823;841
2002;1458;1534
2003;1955;2010
2004;1842;1853
2005;832;833
2006;1847;1858
2007;1653;1702
2008;818;907
2009;1817;1837
2010;1129;1227
2011;2047;2121
2012;1433;1512
2013;1525;1560
2014;1235;1257
2015;1506;1560
2016;911;934
2017;1702;1731
2018;1326;1357
2019;1027;1028
2020;1942;2006
2021;1516;1559
2022;1153;1225
2023;1839;1840
2024;931;1016
2025;1141;1155
2026;2003;2106
2027;1007;1014
2028;1020;1053
2029;1139;1151
2030;1731;1816
2031;960;1014
2032;1535;1537
2033;1536;1638
2034;1055;1120
2035;929;1019
2036;1135;1137
2037;2043;2108
2038;915;1001
2039;1800;1853
2040;1124;1221
2041;1246;1317
2042;1141;1150
2043;1115;1204
2044;857;912
2045;1323;1342
2046;1946;1959
2047;1617;1645
2048;1618;1650
2049;2019;2031
2050;1514;1529
2051;2132;2152
2052;1419;1529
2053;1750;1808
2054;838;937
2055;1458;1511
2056;1810;1849
2057;1036;1115
2058;2111;2215
2059;1530;1607
2060;1823;1923
2061;908;920
2062;1706;1813
2063;1318;1428
2064;1630;1700
2065;2028;2045
2066;825;856
2067;1036;1054
2068;1824;1824
2069;2041;2120
2070;2060;2111
2071;1044;1108
2072;1942;2027
2073;2046;2053
2074;842;922
2075;1643;1713
2076;1026;1114
2077;1809;1916
2078;1051;1102
2079;1249;1304
2080;900;914
2081;931;936
2082;1140;1154
2083;1842;1849
2084;1650;1716
2085;2102;2150
2086;2051;2102
2087;1124;1215
2088;1656;1724
2089;1831;1916
2090;2009;2011
2091;1422;1510
2092;1618;1712
2093;1727;1730
2094;1052;1102
2095;1844;1909
2096;817;843
2097;1508;1608
2098;1137;1143
2099;1348;1439
2100;2047;2115
2101;1260;1317
2102;1630;1734
2103;1025;1047
2104;923;943
2105;937;938
2106;1746;1800
2107;1226;1321
2108;906;919
2109;1138;1205
2110;1706;1714
2111;2059;2112
2112;2013;2040
2113;843;848
2114;1417;1518
2115;1235;1302
2116;844;924
2117;1502;1506
2118;2048;2104
2119;1312;1353
2120;2113;2134
2121;1811;1818
2122;1837;1926
2123;2013;2122
2124;830;859
2125;1757;1811
2126;1216;1255
2127;1523;1529
2128;1249;1314
2129;2150;2223
2130;1356;1432
2131;1412;1412
2132;2115;2218
2133;1627;1715
2134;1419;1514
2135;1437;1501
2136;1754;1754
2137;1344;1345
2138;2158;2210
2139;1239;1243
2140;1018;1117
2141;829;853
2142;1906;1906
2143;1506;1544
2144;1517;1556
2145;925;952
2146;1552;1554
2147;1014;1032
2148;2102;2204
2149;1106;1114
2150;949;1012
2151;1252;1258
2152;1610;1634
2153;2040;2053
2154;2029;2031
2155;1633;1653
2156;1905;2015
2157;2123;2219
2158;1215;1227
2159;1810;1840
2160;1532;1552
2161;1305;1358
2162;1932;1935
2163;2057;2138
2164;1447;1539
2165;1315;1336
2166;928;960
2167;1134;1216
2168;1050;1129
2169;852;906
2170;2000;2039
2171;2013;2109
2172;960;1014
2173;1228;1246
2174;1357;1420
2175;1516;1610
2176;1609;1715
2177;1745;1838
2178;1648;1711
2179;911;938
2180;1725;1803
2181;819;855
2182;1620;1654
2183;1625;1631
2184;1220;1304
2185;2112;2160
2186;931;954
2187;1820;1902
2188;2000;2043
2189;1355;1422
2190;1606;1643
2191;1311;1402
2192;1709;1759
2193;831;914
2194;1955;2020
2195;1144;1234
2196;1557;1621
2197;2019;2052
2198;1546;1637
2199;904;932
2200;1245;1324
2201;1129;1133
2202;1851;1911
2203;2013;2015
2204;1000;1049
2205;2130;2212
2206;2059;2128
2207;1000;1041
2208;1203;1208
2209;2107;2125
2210;1008;1058
2211;801;844
2212;2143;2149
2213;1329;1418
2214;1500;1546
2215;1033;1125
2216;1207;1242
2217;1920;1958
2218;2145;2154
2219;2105;2158
2220;1334;1354
2221;1226;1321
2222;1030;1120
2223;2117;2137
2224;2123;2140
2225;1640;1716
2226;1024;1034
2227;1032;1114
2228;1103;1149
2229;1937;1949
2230;1433;1526
2231;1716;1723
2232;1833;1859
2233;1813;1836
2234;1207;1211
2235;1423;1453
2236;1936;1951
2237;1613;1705
2238;1223;1309
2239;1656;1723
2240;1633;1634
2241;825;912
2242;1820;1902
2243;1152;1204
2244;1531;1560
2245;1010;1054
2246;1253;1322
2247;2044;2107
2248;1455;1516
2249;1409;1432
2250;1428;1458
2251;1823;1825
2252;1238;1254
2253;1726;1820
2254;1055;1060
2255;2013;2052
2256;1202;1242
2257;830;846
2258;1109;1127
2259;1225;1226
2260;1614;1720
2261;1200;1240
2262;1109;1214
2263;804;847
2264;1254;1322
2265;2012;2013
2266;1813;1910
2267;1527;1535
2268;2144;2237
2269;1615;1653
2270;1126;1229
2271;1851;1932
2272;1421;1447
2273;1701;1725
2274;1449;1453
2275;912;914
2276;906;915
2277;1811;1921
2278;960;1001
2279;1343;1348
2280;849;905
2281;1747;1814
2282;2120;2133
2283;1043;1112
2284;1627;1716
2285;948;956
2286;1553;1617
2287;1438;1502
2288;910;960
2289;1849;1914
2290;1304;1332
2291;1718;1817
2292;1619;1705
2293;935;1027
2294;1942;2016
2295;1912;2017
2296;1814;1905
2297;1131;1157
2298;1342;1403
2299;950;1023
2300;1601;1655
2301;1758;1813
2302;1002;1046
2303;838;906
2304;1604;1613
2305;1156;1221
2306;958;1030
2307;1447;1451
2308;1611;1649
2309;1208;1305
2310;941;1022
2311;1656;1714
2312;2104;2138
2313;1703;1802
2314;2039;2042
2315;1504;1606
2316;1548;1549
2317;1822;1915
2318;1150;1219
2319;1854;1918
2320;1508;1546
2321;1950;2035
2322;1332;1351
2323;1406;1452
2324;1120;1147
2325;1502;1510
2326;1956;2015
2327;2038;2057
2328;1729;1807
2329;2048;2117
2330;1206;1229
2331;1911;1914
2332;1851;1921
2333;1025;1134
2334;2101;2134
2335;1648;1658
2336;1129;1159
2337;1915;1959
2338;939;1000
2339;2058;2101
2340;1834;1903
2341;1529;1611
2342;1329;1403
2343;949;1013
2344;1812;1855
2345;1227;1240
2346;2017;2041
2347;1901;1945
2348;1813;1816
2349;1817;1923
2350;1218;1236
2351;1440;1503
2352;1706;1717
2353;1145;1202
2354;1110;1157
2355;1012;1014
2356;1402;1438
2357;1133;1216
2358;1853;1910
2359;2116;2124
2360;1714;1758
2361;1144;1225
2362;1528;1635
2363;1604;1620
2364;1451;1524
2365;1549;1617
2366;1754;1814
2367;916;951
2368;902;928
2369;1953;1954
2370;2102;2106
2371;1537;1615
2372;926;1001
2373;1200;1243
2374;2002;2103
2375;1918;2020
2376;2152;2217
2377;1119;1218
2378;1301;1345
2379;1813;1908
2380;827;840
2381;1614;1623
2382;1212;1246
2383;1536;1536
2384;951;956
2385;1227;1259
2386;2157;2207
2387;1243;1308
2388;1754;1815
2389;827;915
2390;806;819
2391;939;951
2392;1033;1103
2393;2101;2137
2394;1915;2021
2395;1060;1112
2396;825;857
2397;1714;1735
2398;2110;2128
2399;1140;1154
2400;1309;1405
2401;1309;1360
2402;1053;1120
2403;1821;1835
2404;1247;1325
2405;2152;2215
2406;1724;1740
2407;1616;1718
2408;1809;1918
2409;857;918
2410;1042;1104
2411;2101;2143
2412;1353;1414
2413;2141;2148
2414;840;902
2415;848;858
2416;1320;1411
2417;1256;1302
2418;1947;2015
2419;1747;1757
2420;2015;2047
2421;1826;1847
2422;2110;2135
2423;2112;2145
2424;1321;1343
2425;1218;1314
2426;1623;1653
2427;1537;1627
2428;1635;1649
2429;1632;1649
2430;2105;2158
2431;1326;1345
2432;1005;1108
2433;1923;2018
2434;1042;1122
2435;1044;1105
2436;1241;1245
2437;1803;1848
2438;1328;1412
2439;1827;1855
2440;1360;1422
2441;2034;2118
2442;1354;1360
2443;1253;1302
2444;1651;1654
2445;1346;1415
2446;827;846
2447;1234;1324
2448;1249;1318
2449;1107;1157
2450;1412;1514
2451;1445;1449
2452;2149;2228
2453;825;843
2454;1926;1941
2455;855;912
2456;1319;1358
2457;852;934
2458;1819;1840
2459;2122;2226
2460;1926;2019
2461;1760;1819
2462;1007;1052
2463;853;905
2464;1748;1812
2465;1306;1408
2466;1420;1503
2467;1225;1247
2468;1328;1409
2469;2011;2059
2470;1742;1823
2471;1348;1430
2472;2034;2110
2473;1750;1809
2474;2138;2231
2475;1958;2002
2476;1135;1200
2477;1901;1932
2478;1739;1748
2479;1907;1942
2480;825;826
2481;1016;1039
2482;1425;1503
2483;1723;1731
2484;1829;1935
2485;1330;1418
2486;2119;2122
2487;1217;1249
2488;1721;1755
2489;810;829
2490;1460;1530
2491;1242;1259
2492;1413;1513
2493;1211;1318
2494;858;906
2495;1354;1402
2496;1260;1313
2497;810;904
2498;2101;2201
2499;2132;2202
2500;1112;1119
2501;1845;1926
2502;2152;2202
2503;1345;1429
2504;1556;1606
2505;1005;1101
2506;1151;1223
2507;2039;2048
2508;1021;1103
2509;1745;1804
2510;1938;2007
2511;839;922
2512;1833;1848
2513;1410;1421
2514;1842;1922
2515;1552;1620
2516;1214;1323
2517;1325;1355
2518;1655;1701
2519;850;859
2520;832;852
2521;1231;1316
2522;2009;2116
2523;1938;2020
2524;1733;1812
2525;1307;1317
2526;1021;1107
2527;1238;1307
2528;916;942
2529;1215;1222
2530;1634;1655
2531;840;844
2532;1637;1739
2533;1706;1729
2534;1702;1707
2535;2014;2101
2536;860;920
2537;1126;1153
2538;960;1009
2539;1805;1903
2540;1019;1119
2541;1937;2012
2542;1829;1851
2543;2124;2135
2544;1609;1708
2545;1007;1042
2546;1037;1113
2547;1650;1731
2548;2141;2214
2549;1204;1309
2550;1256;1317
2551;1222;1239
2552;1323;1433
2553;1257;1305
2554;1410;1441
2555;2005;2047
2556;1426;1433
2557;1935;1949
2558;960;1021
2559;1625;1651
2560;1959;2015
2561;1211;1233
2562;1711;1724
2563;1452;1507
2564;1519;1624
2565;1223;1237
2566;1011;1029
2567;1043;1102
2568;1422;1509
2569;1816;1919
2570;1626;1641
2571;1819;1834
2572;1222;1229
2573;2048;2119
2574;2136;2138
2575;1023;1041
2576;1703;1748
2577;1109;1157
2578;1705;1755
2579;1125;1232
2580;1148;1156
2581;906;1015
2582;1850;1916
2583;1830;1905
2584;1315;1404
2585;1457;1518
2586;1006;1019
2587;922;938
2588;2137;2140
2589;1444;1534
2590;820;842
2591;1823;1842
2592;2052;2119
2593;1217;1240
2594;2136;2140
2595;910;925
2596;1024;1109
2597;2006;2016
2598;1030;1115
2599;1506;1554
2600;1651;1703
2601;1434;1539
2602;1142;1233
2603;915;922
2604;821;823
2605;947;1017
2606;2106;2121
2607;2040;2110
2608;1411;1460
2609;1000;1106
2610;1936;1946
2611;1823;1835
2612;824;858
2613;1330;1425
2614;1418;1420
2615;1007;1049
2616;1134;1229
2617;1729;1744
2618;2111;2219
2619;1628;1715
2620;2113;2158
2621;1407;1424
2622;1857;1926
2623;2023;2120
2624;1331;1358
2625;911;1010
2626;1051;1133
2627;1254;1323
2628;801;835
2629;1904;1941
2630;903;1007
2631;2013;2104
2632;1022;1037
2633;840;843
2634;1258;1301
2635;945;1018
2636;1916;1928
2637;848;932
2638;1204;1240
2639;1638;1733
2640;1306;1323
2641;1124;1156
2642;1233;1249
2643;1521;1602
2644;1735;1828
2645;1508;1510
2646;1545;1609
2647;1123;1217
2648;1023;1129
2649;1230;1338
2650;1424;1433
2651;1614;1651
2652;1601;1649
2653;2135;2147
2654;1838;1922
2655;1509;1518
2656;823;834
2657;1655;1720
2658;1543;1628
2659;1252;1255
2660;2109;2205
2661;1907;1945
2662;1538;1634
2663;2108;2111
2664;1555;1630
2665;1525;1621
2666;832;935
2667;1908;1927
2668;1440;1537
2669;1733;1837
2670;1246;1253
2671;2134;2151
2672;840;840
2673;1427;1427
2674;2145;2224
2675;1950;1958
2676;1136;1145
2677;1415;1439
2678;1654;1721
2679;906;954
2680;2137;2217
2681;1446;1517
2682;1238;1259
2683;1635;1712
2684;2060;2116
2685;1444;1512
2686;1433;1537
2687;1050;1110
2688;922;942
2689;1705;1711
2690;1900;1948
2691;928;941
2692;1109;1146
2693;2051;2101
2694;1648;1737
2695;852;937
2696;2019;2053
2697;2118;2152
2698;2042;2136
2699;1237;1254
2700;1958;2009
2701;956;1039
2702;1315;1335
2703;1229;1301
2704;1536;1548
2705;1320;1412
2706;1054;1114
2707;1708;1816
2708;1524;1617
2709;1047;1111
2710;1738;1811
2711;1645;1660
2712;2102;2134
2713;1232;1319
2714;1541;1541
2715;1218;1250
2716;1234;1324
2717;1228;1240
2718;929;936
2719;1527;1535
2720;1431;1529
2721;1438;1502
2722;1909;1942
2723;1308;1310
2724;1326;1336
2725;819;925
2726;1829;1857
2727;1206;1216
2728;1619;1707
2729;1358;1419
2730;1515;1554
2731;2026;2109
2732;2115;2225
2733;1000;1022
2734;1960;2014
2735;1831;1902
2736;1525;1549
2737;1547;1619
2738;2154;2218
2739;832;923
2740;1700;1802
2741;1827;1843
2742;1342;1360
2743;1230;1252
2744;1230;1231
2745;1120;1135
2746;1805;1911
2747;1137;1238
2748;1939;1957
2749;1559;1613
2750;847;906
2751;1942;1946
2752;1520;1628
2753;1643;1712
2754;828;838
2755;1121;1207
2756;1021;1047
2757;1912;1932
2758;2044;2106
2759;2054;2138
2760;1018;1103
2761;847;902
2762;2148;2211
2763;1942;2008
2764;1329;1345
2765;1939;2001
2766;2100;2135
2767;1754;1812
2768;1215;1255
2769;1110;1202
2770;1722;1731
2771;1117;1137
2772;930;1036
2773;2033;2116
2774;1800;1858
2775;1842;1933
2776;1855;1914
2777;1935;1942
2778;1233;1238
2779;2003;2036
2780;1429;1507
2781;2020;2038
2782;1222;1239
2783;1607;1607
2784;1809;1855
2785;1905;2001
2786;827;921
2787;1003;1058
2788;1012;1048
2789;1234;1326
2790;837;850
2791;1434;1525
2792;913;1021
2793;1413;1453
2794;1708;1740
2795;1158;1219
2796;2017;2125
2797;2129;2220
2798;1804;1852
2799;1255;1313
2800;1854;1924
2801;1455;1509
2802;2160;2231
2803;1002;1015
2804;2140;2207
2805;1528;1613
2806;925;947
2807;954;1008
2808;1931;1942
2809;1353;1418
2810;1207;1222
2811;1651;1739
2812;1854;1928
2813;1229;1242
2814;1215;1321
2815;1908;2012
2816;2032;2043
2817;1059;1123
2818;1302;1330
2819;1529;1532
2820;1118;1145
2821;1944;2007
2822;1101;1133
2823;1826;1927
2824;1522;1556
2825;805;907
2826;2150;2201
2827;1033;1114
2828;915;960
2829;839;935
2830;1959;2029
2831;1631;1635
2832;1123;1220
2833;1542;1627
2834;1931;1957
2835;903;914
2836;1840;1909
2837;1714;1805
2838;1732;1735
2839;1505;1612
2840;1518;1519
2841;840;936
2842;829;915
2843;2113;2129
2844;1913;2018
2845;1217;1228
2846;1460;1500
2847;1407;1514
2848;1848;1914
2849;1849;1911
2850;926;1031
2851;1228;1239
2852;1046;1106
2853;1152;1231
2854;1914;1959
2855;1217;1238
2856;1322;1357
2857;1912;1954
2858;1710;1803
2859;1034;1059
2860;1052;1110
2861;960;1007
2862;1650;1658
2863;960;1024
2864;849;916
2865;919;1026
2866;916;1026
2867;1608;1633
2868;1925;1933
2869;1914;1951
2870;1857;1912
2871;2143;2205
2872;1413;1433
2873;1728;1802
2874;1325;1430
2875;1142;1233
2876;1210;1255
2877;1705;1745
2878;957;1001
2879;1128;1208
2880;926;1010
2881;1007;1019
2882;947;1000
2883;1112;1113
2884;2044;2045
2885;1915;2009
2886;1701;1742
2887;1655;1716
2888;1105;1121
2889;1701;1811
2890;2015;2110
2891;949;1028
2892;941;1032
2893;1832;1908
2894;1532;1559
2895;1947;2016
2896;826;934
2897;1411;1412
2898;2138;2234
2899;1946;2033
2900;1328;1339
2901;1623;1650
2902;1847;1849
2903;1310;1352
2904;1006;1047
2905;1940;2017
2906;1116;1147
2907;2113;2207
2908;1738;1756
2909;1045;1049
2910;831;836
2911;2156;2200
2912;1043;1134
2913;1346;1421
2914;1622;1648
2915;1942;1945
2916;1644;1644
2917;1543;1601
2918;859;923
2919;839;909
2920;952;1011
2921;1337;1402
2922;1737;1802
2923;1138;1156
2924;2141;2207
2925;1731;1831
2926;908;1007
2927;1555;1631
2928;2122;2132
2929;1641;1717
2930;1854;1911
2931;1908;2013
2932;926;1018
2933;1604;1707
2934;1343;1356
2935;1845;1927
2936;1114;1152
2937;1901;1952
2938;1758;1807
2939;1204;1211
